method,mode,peak_mem_mb,time_ms,time_ms_std,status
Baseline,loss,20000.0009765625,75.74044036865234,0.041079381651372954,ok
Baseline,grad,16000.0,99.49180297851562,0.15990406035047838,ok
Baseline,loss+grad,28000.0009765625,175.15277404785155,0.5701829059539736,ok
torch.compile,loss,4000.0634765625,32.86777038574219,0.10827781654235111,ok
torch.compile,grad,1160.9375,52.85182113647461,0.33622147632472466,ok
torch.compile,loss+grad,5161.0009765625,85.19105377197266,0.3345035382235679,ok
CCE,loss,1.03955078125,76.4645004272461,0.2260700263032177,ok
CCE,grad,1162.2607421875,111.23733062744141,0.17118147209457762,ok
CCE,loss+grad,1163.26904296875,186.74456787109375,0.13842900189823545,ok
CCE (no grad filter),loss,0.09375,71.61861114501953,0.03508488863082469,ok
CCE (no grad filter),grad,1161.2841796875,359.2971130371094,0.3259769310557737,ok
CCE (no grad filter),loss+grad,1161.31591796875,430.4685363769531,0.669706722387278,ok
CCE (fp32 accum),loss,1.03955078125,76.47832336425782,0.14981886805606237,ok
CCE (fp32 accum),grad,3449.2607421875,133.57550659179688,0.38576322589916107,ok
CCE (fp32 accum),loss+grad,3450.26904296875,209.47162475585938,0.6224292943683921,ok
CCE-Kahan-FullC,loss,1.03955078125,76.67189025878906,0.1811398365607732,ok
CCE-Kahan-FullC,grad,3449.2607421875,306.70501098632815,0.19930276352105994,ok
CCE-Kahan-FullC,loss+grad,3450.26904296875,382.91676025390626,0.3439216925175275,ok
CCE-Kahan-FullE,loss,1.03955078125,76.540966796875,0.17876336975340534,ok
CCE-Kahan-FullE,grad,3449.2607421875,294.73976440429686,0.14307140771241156,ok
CCE-Kahan-FullE,loss+grad,3450.26904296875,371.0452514648438,0.6984109624945803,ok
