step,loss,lr,peak_mem_mb,step_time_s,tokens_per_s
1,2.01035213470459,1e-05,13307.0732421875,0.34804397635161877,1382.0092651569398
2,2.270633339881897,2e-05,11352.34912109375,0.253549387678504,1688.0340509545865
3,1.948071539402008,3e-05,21687.7177734375,0.41977601684629917,1998.6849327487892
4,1.955275535583496,4e-05,12860.82666015625,0.3024527132511139,1494.4484879681777
5,1.9869450330734253,5e-05,16101.32470703125,0.3037960007786751,1566.8409023816641
6,1.9728516340255737,6e-05,14131.51904296875,0.32460817694664,1531.0766496239503
7,2.3831909894943237,7e-05,19284.99609375,0.34307943657040596,1349.5416823240125
8,1.2875725626945496,8e-05,11054.33154296875,0.23810331337153912,1474.1500024919671
9,2.3917911052703857,9e-05,12909.48779296875,0.258304325863719,1192.3919546066772
10,1.6541985869407654,0.0001,11054.33154296875,0.2371924240142107,1606.2907640640894
11,1.5584336519241333,0.00011000000000000002,11561.7578125,0.2300819605588913,1560.3135470853706
12,1.3719951510429382,0.00012,12029.16943359375,0.24250181019306183,1331.9488202700488
13,1.6982715725898743,0.00013000000000000002,11846.44921875,0.25012687407433987,1451.263489152762
14,1.462737500667572,0.00014,13279.2451171875,0.28503074310719967,2294.4893342751857
15,1.2687470316886902,0.00015000000000000001,14581.009765625,0.2727568745613098,1451.842416939661
16,1.51664537191391,0.00016,18164.7646484375,0.32476100139319897,1887.5419073419487
17,1.5637581944465637,0.00017,12811.486328125,0.27584986574947834,1486.3157496417066
18,1.1551902294158936,0.00018,10723.2041015625,0.2357130479067564,1633.3419105093353
19,1.4589483737945557,0.00019,13099.54052734375,0.2784446179866791,1784.91508865787
20,1.3803970217704773,0.0002,10938.9931640625,0.2296623308211565,1362.8704319113635
21,1.3913553357124329,0.0001992857142857143,13275.97265625,0.280656224116683,1304.086524900425
22,0.4819640517234802,0.0001985714285714286,8864.7763671875,0.19645773619413376,565.0070195775496
23,1.3565508127212524,0.00019785714285714288,10829.4794921875,0.22544397599995136,1454.9069166526356
24,1.397629976272583,0.00019714285714285716,12781.60791015625,0.2827895525842905,1976.73497797759
25,1.3403250575065613,0.00019642857142857144,15899.66357421875,0.3113893289119005,1756.6433696087233
26,1.2303774952888489,0.00019571428571428572,10969.1875,0.23381750658154488,1462.6791851478665
27,1.1374124884605408,0.000195,12860.82666015625,0.3008771054446697,1582.0412766086476
28,1.1503801941871643,0.0001942857142857143,11154.64453125,0.241781547665596,1402.0921086536562
29,1.034008800983429,0.00019357142857142858,14086.21630859375,0.26740362495183945,1492.1263691614563
30,1.434816837310791,0.00019285714285714286,14581.009765625,0.28029437363147736,1480.586265872142
31,1.3956963419914246,0.00019214285714285717,21896.2275390625,0.41760725528001785,1886.940396836791
32,1.2980863451957703,0.00019142857142857145,12029.16943359375,0.25217974185943604,1911.3351312282048
33,1.4097482562065125,0.00019071428571428573,16248.4912109375,0.31359558552503586,1368.0039509540572
34,1.2781860828399658,0.00019,10211.31103515625,0.2195973228663206,1106.5708672046321
35,1.314030945301056,0.0001892857142857143,11604.509765625,0.22674212977290154,1062.8814338181385
36,0.842930406332016,0.00018857142857142857,16692.353515625,0.2944359537214041,1324.5664976398189
37,1.3549033403396606,0.00018785714285714288,13489.8125,0.2944060266017914,2204.4385690440586
38,1.454259216785431,0.00018714285714285716,11561.7578125,0.22997105866670609,1878.4972444123575
39,1.2482346594333649,0.00018642857142857144,12719.40869140625,0.24962647259235382,1321.975175841619
40,1.5950655937194824,0.00018571428571428572,15089.6611328125,0.2936181966215372,2196.7303369531305
41,0.7763110101222992,0.00018500000000000002,9951.40283203125,0.20779633522033691,1631.4050949962195
42,1.3500930666923523,0.00018428571428571428,10810.681640625,0.21980082988739014,1819.8293437059847
43,1.2744622230529785,0.00018357142857142858,16049.92236328125,0.31102280505001545,1414.6872604060136
44,1.422204315662384,0.00018285714285714286,15696.72119140625,0.30235254764556885,1514.7879638073632
45,1.7038402557373047,0.00018214285714285714,12142.6328125,0.2599591203033924,1877.218231199068
46,1.6372612118721008,0.00018142857142857142,13125.14404296875,0.3178324531763792,1598.3263978335417
47,1.1778583526611328,0.00018071428571428573,10624.59765625,0.21312883682549,872.7115615626284
48,1.2342846989631653,0.00018,10889.900390625,0.2253477368503809,1406.7148152034533
49,0.879325270652771,0.0001792857142857143,17306.6015625,0.3010327219963074,1212.4927734748958
50,1.4602875709533691,0.0001785714285714286,12732.267578125,0.27899595722556114,1541.240970930471
51,1.1865562200546265,0.00017785714285714285,10262.51171875,0.2154109999537468,1485.5323083255296
52,1.50795778632164,0.00017714285714285713,12640.18994140625,0.25714030861854553,1088.899680895093
53,0.9255834817886353,0.00017642857142857144,10176.94140625,0.20879080332815647,1111.1600525592387
54,1.0814542174339294,0.00017571428571428572,12232.1533203125,0.2727583460509777,1242.8583942822484
55,1.5506247282028198,0.000175,10810.681640625,0.21477308496832848,1545.8175313212937
56,1.063073217868805,0.0001742857142857143,10237.55810546875,0.20637395046651363,1036.9525781536258
57,1.1904735565185547,0.00017357142857142859,12088.765625,0.2349761798977852,1468.233929711834
58,1.4963983297348022,0.00017285714285714287,9881.14013671875,0.22455010004341602,1295.9246063294388
59,1.4649667143821716,0.00017214285714285717,11882.2158203125,0.2339205127209425,1863.8810035446954
60,1.3441930413246155,0.00017142857142857143,10435.681640625,0.21969211846590042,955.8831762669502
61,1.4632854461669922,0.0001707142857142857,12029.16943359375,0.2574690878391266,1693.4071723298457
62,1.476341724395752,0.00017,13200.0263671875,0.28131470642983913,1667.1719937861487
63,1.114214152097702,0.0001692857142857143,12813.82421875,0.25644622556865215,1555.8817413484815
64,0.7930468916893005,0.00016857142857142857,12501.50390625,0.24526041559875011,1447.4410765934017
65,1.1195197701454163,0.00016785714285714288,16049.92236328125,0.31428615003824234,1934.5427723303064
66,0.7834224104881287,0.00016714285714285716,10557.67626953125,0.23677427880465984,1237.4654944751271
67,1.0730695724487305,0.00016642857142857144,13200.0263671875,0.280351709574461,1836.9782755443366
68,1.0763336718082428,0.00016571428571428575,11942.150390625,0.23933069966733456,1232.604093039651
69,0.9533549547195435,0.000165,21896.2275390625,0.413571510463953,2060.1032190157607
70,0.889454185962677,0.00016428571428571428,11525.291015625,0.22358922846615314,1708.4901746857945
71,0.6871911287307739,0.00016357142857142859,10624.59765625,0.21982317045331,459.4602097300393
72,1.050550937652588,0.00016285714285714287,15820.44482421875,0.3182847183197737,2123.8845633827686
73,1.4328431487083435,0.00016214285714285715,21684.3505859375,0.3834239449352026,2175.1380189386537
74,0.8824516236782074,0.00016142857142857145,16248.4912109375,0.3515714667737484,1510.361477490782
75,0.9241503179073334,0.00016071428571428573,11925.66796875,0.23826155625283718,1947.439642791617
76,0.736675351858139,0.00016,18085.5458984375,0.33829163759946823,2166.769492741231
77,0.9173815846443176,0.0001592857142857143,13590.77880859375,0.29545837827026844,1455.3657354967968
78,0.6257311999797821,0.00015857142857142857,9927.904296875,0.20725484006106853,1259.3192029826432
79,0.9344089031219482,0.00015785714285714285,15696.72119140625,0.31185788474977016,1914.333512776255
80,0.9397239089012146,0.00015714285714285716,9806.34228515625,0.20681737549602985,1257.14775838547
81,0.693205863237381,0.00015642857142857144,11682.416015625,0.23805356584489346,1529.0676226928204
82,0.6204209625720978,0.00015571428571428572,10975.11279296875,0.2265433482825756,1730.353166278113
83,0.9070970416069031,0.000155,10211.31103515625,0.21707039885222912,1308.3313132590376
84,0.9175706207752228,0.0001542857142857143,12416.0087890625,0.26276371255517006,1609.8113239711006
85,0.8586145043373108,0.0001535714285714286,9944.87060546875,0.20557006634771824,1347.4724453873516
86,0.9047538936138153,0.00015285714285714287,11151.90087890625,0.24393606930971146,2021.021333151296
87,1.1513572335243225,0.00015214285714285715,16022.10595703125,0.3543208930641413,2280.4187272516583
88,1.2229765057563782,0.00015142857142857143,15089.6611328125,0.29389654472470284,2130.0012240238593
89,0.8995244204998016,0.0001507142857142857,19364.21484375,0.3336241450160742,1237.919995209284
90,0.8077326565980911,0.00015000000000000001,12498.80908203125,0.24271436035633087,1586.226704653068
91,0.8081900775432587,0.0001492857142857143,11961.4345703125,0.2381180375814438,1877.220241440601
92,0.8453998267650604,0.00014857142857142857,11308.900390625,0.25418426282703876,959.933543037758
93,0.7844234108924866,0.00014785714285714288,10435.681640625,0.2195307221263647,1056.7996941514994
94,1.4514275789260864,0.00014714285714285716,12988.70654296875,0.295774444937706,2089.4300051181194
95,0.8522714972496033,0.00014642857142857141,11154.64453125,0.2396393958479166,1740.114552219296
96,0.9349719285964966,0.00014571428571428572,12927.5888671875,0.2591831963509321,1616.6171491792127
97,0.799035370349884,0.000145,13275.97265625,0.28802534379065037,746.4620896564976
98,0.8950868844985962,0.00014428571428571428,12250.62939453125,0.24949241057038307,909.8473155196925
99,0.5339810997247696,0.0001435714285714286,12893.04296875,0.2713898364454508,1223.3324738626748
100,0.9925656020641327,0.00014285714285714287,13099.54052734375,0.3014459814876318,2003.6757399095793
101,0.9672529101371765,0.00014214285714285715,14210.73779296875,0.3298387639224529,1691.7356630986803
102,0.7730332612991333,0.00014142857142857145,11810.95361328125,0.25165736116468906,1418.595499641963
103,0.7493258118629456,0.00014071428571428573,9198.9326171875,0.2106999959796667,716.6587702003185
104,0.6890069246292114,0.00014,12811.486328125,0.25728153996169567,1830.6793408890624
105,1.0091009140014648,0.0001392857142857143,10700.865234375,0.22033059783279896,1130.1199309092658
106,0.6045124530792236,0.00013857142857142857,11949.95068359375,0.2438831627368927,1631.92897588167
107,0.9181894958019257,0.00013785714285714285,10955.28857421875,0.22619413025677204,1299.768476159199
108,1.0886943936347961,0.00013714285714285716,12781.60791015625,0.2935790177434683,1968.8055517137163
109,0.6170239597558975,0.00013642857142857144,17306.6015625,0.2971980180591345,1578.072434879702
110,0.7883844077587128,0.00013571428571428572,10551.75439453125,0.22271474823355675,1881.3302815519096
111,0.8597897589206696,0.00013500000000000003,10810.681640625,0.21979106403887272,1637.9191828123169
112,0.708968997001648,0.00013428571428571428,14006.99755859375,0.30154765769839287,1661.4289224594104
113,0.8971588909626007,0.00013357142857142856,12719.40869140625,0.2471115943044424,1999.0968104531355
114,0.8338077366352081,0.00013285714285714287,14501.791015625,0.2723484989255667,2100.2502391479256
115,0.6274139583110809,0.00013214285714285715,12071.37158203125,0.23111016117036343,1254.812849990727
116,0.582765743136406,0.00013142857142857143,11054.33154296875,0.2254882175475359,1090.9660942622866
117,0.982377290725708,0.00013071428571428574,10435.681640625,0.22237729281187057,1587.392289637392
118,1.0500656962394714,0.00013000000000000002,12719.40869140625,0.24579961597919464,1159.481062916402
119,1.0790936350822449,0.0001292857142857143,10488.76220703125,0.22383162193000317,1023.0904732112118
120,0.9503108859062195,0.00012857142857142858,10955.28857421875,0.22788799554109573,1237.4499996387308
121,0.6522028148174286,0.00012785714285714286,10703.81640625,0.23103035986423492,1112.4079110253135
122,0.6250120848417282,0.00012714285714285714,9141.650390625,0.2098220568150282,814.9762832167241
123,0.5675108879804611,0.00012642857142857144,10802.4228515625,0.21729612350463867,1679.7354417241054
124,0.6548669934272766,0.00012571428571428572,16613.134765625,0.3605369031429291,1977.6061584390504
125,0.3446393758058548,0.000125,8231.8173828125,0.20019865036010742,544.4592149044771
126,0.47310954332351685,0.00012428571428571428,9623.154296875,0.20193127170205116,1084.527414471661
127,0.6310260146856308,0.0001235714285714286,16049.92236328125,0.3127381671220064,1867.3768071684326
128,0.559168130159378,0.00012285714285714287,13275.97265625,0.3216138519346714,1700.797390129548
129,0.37291252613067627,0.00012214285714285715,10955.28857421875,0.2378398571163416,1341.2386126853337
130,0.2702343165874481,0.00012142857142857143,16692.353515625,0.3007015734910965,1908.8692930201632
131,0.8352515697479248,0.00012071428571428571,21684.3505859375,0.4635627996176481,1840.0958849665333
132,0.44797852635383606,0.00012,14095.8291015625,0.28995845280587673,2076.1595124217015
133,0.49938108026981354,0.00011928571428571428,12311.3720703125,0.24058888666331768,2044.9822384710121
134,0.3056113049387932,0.00011857142857142858,12221.8515625,0.23450435511767864,1219.5935544842223
135,0.3746899589896202,0.00011785714285714287,11961.4345703125,0.2487487941980362,1704.5308756851348
136,0.4886624962091446,0.00011714285714285715,10780.083984375,0.23849801905453205,1555.5684758755656
137,0.7928937822580338,0.00011642857142857144,10802.4228515625,0.21966850385069847,1179.0493195876359
138,0.2993986904621124,0.00011571428571428574,11810.95361328125,0.2650002371519804,1513.2061929817155
139,0.7255295887589455,0.00011499999999999999,12988.70654296875,0.2587195821106434,1159.5566039206988
140,0.2929365336894989,0.00011428571428571428,10488.76220703125,0.21617766469717026,1346.1150133509104
141,0.8851381242275238,0.00011357142857142858,13279.2451171875,0.27769317105412483,1332.4058297705988
142,0.27312183380126953,0.00011285714285714286,9623.154296875,0.20462517067790031,982.2838477500567
143,0.1419324427843094,0.00011214285714285715,10132.09228515625,0.2041935995221138,906.0029326725534
144,0.1871943362057209,0.00011142857142857144,12416.0087890625,0.24629216827452183,1555.0636574570292
145,0.49068769812583923,0.00011071428571428572,21975.4462890625,0.37820971198379993,2027.97542129974
146,0.4892771318554878,0.00011000000000000002,9855.619140625,0.20814666710793972,1066.555631586819
147,0.3574140667915344,0.00010928571428571428,11604.509765625,0.2262316718697548,985.7152102398142
148,0.44434837996959686,0.00010857142857142856,10158.33935546875,0.2054472751915455,1411.5543743747544
149,0.49296748638153076,0.00010785714285714286,12029.16943359375,0.27043724060058594,1623.2971428974447
150,0.4047161638736725,0.00010714285714285715,13489.8125,0.28353092074394226,1488.3738214256696
151,0.518638864159584,0.00010642857142857143,17385.8203125,0.3175478894263506,1476.94258288804
152,0.5080953538417816,0.00010571428571428572,12860.82666015625,0.2824961990118027,1635.4202343823313
153,0.12903566658496857,0.000105,10703.81640625,0.2186452317982912,1271.466099276594
154,0.30677613615989685,0.0001042857142857143,11091.89697265625,0.23218096606433392,1098.2812429565965
155,0.35201019048690796,0.00010357142857142859,14006.99755859375,0.2945082876831293,1426.1058773731052
156,0.314470574259758,0.00010285714285714286,11525.291015625,0.2299794089049101,2056.705868809203
157,0.458007350564003,0.00010214285714285714,15899.66357421875,0.30902878753840923,2226.329804029951
158,0.3130830228328705,0.00010142857142857143,13020.32177734375,0.2603346724063158,1421.247491085339
159,0.521796703338623,0.00010071428571428571,14131.51904296875,0.3082976508885622,2205.6606595610874
160,0.6998115181922913,0.0001,13125.14404296875,0.2685591131448746,1623.478700440894
161,0.3979470431804657,9.92857142857143e-05,9944.87060546875,0.22190789878368378,1752.9795114647898
162,0.4742981791496277,9.857142857142858e-05,10829.4794921875,0.2368137538433075,1144.3592088798716
163,0.49392376840114594,9.785714285714286e-05,11054.33154296875,0.22036217339336872,1297.8634018528269
164,0.5963735729455948,9.714285714285715e-05,12860.82666015625,0.26361347921192646,1949.8244230022115
165,0.430823490023613,9.642857142857143e-05,15010.4423828125,0.31675723753869534,1357.5064719633149
166,0.2520736828446388,9.571428571428573e-05,10472.53564453125,0.22535073943436146,1415.5711261507354
167,0.3367222473025322,9.5e-05,18164.7646484375,0.32759739831089973,1828.4638494947114
168,0.6120625287294388,9.428571428571429e-05,12352.3720703125,0.26171013712882996,2025.1412719985742
169,0.5099476873874664,9.357142857142858e-05,10636.89501953125,0.23580783605575562,1670.8520233688953
170,0.6532224714756012,9.285714285714286e-05,16022.10595703125,0.33111732825636864,1993.2511640979203
171,0.524564728140831,9.214285714285714e-05,12578.02783203125,0.2612422537058592,1619.1867663041558
172,0.46774233877658844,9.142857142857143e-05,11810.95361328125,0.2543364893645048,1254.243938009312
173,0.4208696484565735,9.071428571428571e-05,11846.44921875,0.23347093723714352,1370.6202741413006
174,0.29909393191337585,9e-05,12071.37158203125,0.24545074068009853,2049.2910251819985
175,0.5904244482517242,8.92857142857143e-05,19284.99609375,0.3432462830096483,1514.9472135300102
176,0.24314844608306885,8.857142857142857e-05,12893.04296875,0.2581638302654028,1247.2699977722327
177,0.4128625690937042,8.785714285714286e-05,14501.791015625,0.2868427559733391,2269.5361358908012
178,0.34986767172813416,8.714285714285715e-05,9960.35888671875,0.2048970591276884,1317.7348720839402
179,0.39338232576847076,8.642857142857143e-05,11231.11962890625,0.22718529403209686,1580.207915875401
180,0.217057503759861,8.571428571428571e-05,11117.19140625,0.22324096783995628,936.2080895018975
181,0.31962665915489197,8.5e-05,11561.7578125,0.24450849741697311,1443.712606020439
182,0.1632607951760292,8.428571428571429e-05,10211.31103515625,0.21900225058197975,1091.3129858934233
183,0.4532877802848816,8.357142857142858e-05,14501.791015625,0.3010049443691969,2182.6883986136727
184,0.4625602662563324,8.285714285714287e-05,11278.45556640625,0.22806927002966404,1482.0058833705993
185,0.30863741412758827,8.214285714285714e-05,16248.4912109375,0.2969875391572714,1700.408042145413
186,0.716299518942833,8.142857142857143e-05,12640.18994140625,0.2706344202160835,1112.201470011359
187,0.3847973719239235,8.071428571428573e-05,12927.5888671875,0.25769079849123955,1191.3502608454091
188,0.24579372256994247,8e-05,10514.900390625,0.2330665197223425,1304.348648455223
189,0.2919972315430641,7.928571428571429e-05,11054.33154296875,0.22481109760701656,1979.43964838376
190,0.21544740349054337,7.857142857142858e-05,10314.845703125,0.2045019343495369,777.498758169375
191,0.0867825523018837,7.785714285714286e-05,12422.28515625,0.24401547387242317,1438.433368301515
192,0.15338965877890587,7.714285714285715e-05,10889.900390625,0.2267808709293604,1027.423517006321
193,0.20789416879415512,7.642857142857143e-05,11961.4345703125,0.23878483474254608,1587.20297463041
194,0.16949430853128433,7.571428571428571e-05,10723.2041015625,0.22403793781995773,1321.20480522309
195,0.11623389273881912,7.500000000000001e-05,9092.76611328125,0.20754557475447655,876.9158302474211
196,0.38322731852531433,7.428571428571429e-05,15899.66357421875,0.3534602653235197,2107.733380775083
197,0.3176238238811493,7.357142857142858e-05,16022.10595703125,0.30165136605501175,1455.3224331161828
198,0.17949233949184418,7.285714285714286e-05,10750.2607421875,0.22182621248066425,1744.6089696623808
199,0.21972255408763885,7.214285714285714e-05,14131.51904296875,0.3044530153274536,2151.399286669953
200,0.22554658353328705,7.142857142857143e-05,16248.4912109375,0.3080681040883064,2022.28011187234
201,0.153024616651237,7.071428571428573e-05,9833.51611328125,0.2034816276282072,1051.6920003756384
202,0.2535051107406616,7e-05,10472.53564453125,0.21974882669746876,1337.8911023937064
203,0.13102450408041477,6.928571428571429e-05,11992.15283203125,0.2587776817381382,1406.6128019816567
204,0.14928167313337326,6.857142857142858e-05,12860.82666015625,0.27320857532322407,1215.188797083773
205,0.28844355046749115,6.785714285714286e-05,13410.59375,0.2782285828143358,1696.4468395936494
206,0.3662222772836685,6.714285714285714e-05,16129.14111328125,0.3361445926129818,1695.6988525954553
207,0.07429454661905766,6.642857142857143e-05,11034.50732421875,0.23854666389524937,1576.2115213026377
208,0.05877489224076271,6.571428571428571e-05,12273.1533203125,0.23944666795432568,1328.0619133971759
209,0.11040835455060005,6.500000000000001e-05,10030.62158203125,0.21235317923128605,1262.048446696933
210,0.07634750381112099,6.428571428571429e-05,11949.95068359375,0.2346709780395031,1086.627763391666
211,0.2874748408794403,6.357142857142857e-05,16613.134765625,0.3348393626511097,1836.7016205344034
212,0.2323523908853531,6.285714285714286e-05,12498.80908203125,0.2394548151642084,2113.1335348299667
213,0.04370684549212456,6.214285714285714e-05,13275.97265625,0.2713518403470516,696.5126890544547
214,0.10636161081492901,6.142857142857143e-05,14501.791015625,0.28305944614112377,1702.8225221626813
215,0.11474672332406044,6.0714285714285715e-05,11054.33154296875,0.21804450266063213,1577.6595869303203
216,0.112046979367733,6e-05,11949.95068359375,0.26265995018184185,1618.0616790103275
217,0.24400226771831512,5.928571428571429e-05,11525.291015625,0.2266886867582798,1566.0243352970663
218,0.17881277203559875,5.8571428571428575e-05,13590.77880859375,0.2626203168183565,1698.2692177181384
219,0.03588145226240158,5.785714285714287e-05,10496.25244140625,0.22641129605472088,1289.6883021659269
220,0.13198677636682987,5.714285714285714e-05,18164.7646484375,0.3354954309761524,1427.739264902383
221,0.10008864663541317,5.642857142857143e-05,13200.0263671875,0.26740881241858006,1634.201939897013
222,0.20555878430604935,5.571428571428572e-05,11231.11962890625,0.24002738296985626,2212.2475920453016
223,0.23078549653291702,5.500000000000001e-05,17306.6015625,0.31717776134610176,1885.3780840815864
224,0.4733662009239197,5.428571428571428e-05,19364.21484375,0.3524108771234751,1989.1554021313277
225,0.34223029389977455,5.3571428571428575e-05,21684.3505859375,0.39762838557362556,1601.998305732255
226,0.057928175665438175,5.285714285714286e-05,9339.73046875,0.20804847963154316,783.4712384761251
227,0.04941334668546915,5.214285714285715e-05,10636.89501953125,0.21847965754568577,1098.5004402518077
228,0.41379697620868683,5.142857142857143e-05,9390.6279296875,0.2038890589028597,941.6885880643351
229,0.13739364221692085,5.0714285714285716e-05,10889.900390625,0.22523625381290913,1806.991517174103
230,0.11101317405700684,5e-05,11037.97265625,0.2457522340118885,1070.1835572623
231,0.34025171399116516,4.928571428571429e-05,13279.2451171875,0.30280565470457077,1796.5318399709147
232,0.2175094299018383,4.8571428571428576e-05,14006.99755859375,0.2668867241591215,2038.3179482380688
233,0.2266160100698471,4.785714285714286e-05,15775.93994140625,0.3243032991886139,1745.2798087965673
234,0.1733105443418026,4.714285714285714e-05,10938.9931640625,0.23771875724196434,1649.0074428624032
235,0.14777414128184319,4.642857142857143e-05,9472.416015625,0.20145809091627598,893.4860803123873
236,0.17236313968896866,4.5714285714285716e-05,11525.291015625,0.242645762860775,1780.3731452251752
237,0.3431669920682907,4.5e-05,21975.4462890625,0.4073231667280197,1583.5092444684917
238,0.1109376959502697,4.428571428571428e-05,11890.17236328125,0.2601184565573931,1922.201164105704
239,0.26406076923012733,4.3571428571428576e-05,12719.40869140625,0.24591467157006264,1219.9353462102326
240,0.08061607368290424,4.2857142857142856e-05,12893.04296875,0.2602945528924465,952.7667684328122
241,0.17101144790649414,4.214285714285714e-05,11357.67431640625,0.23676320724189281,1828.8314516605565
242,0.07458483800292015,4.1428571428571437e-05,11633.3603515625,0.2349696084856987,1004.3852118618311
243,0.0551226157695055,4.0714285714285717e-05,11054.33154296875,0.24166449159383774,1940.7071221213664
244,0.23759976029396057,4e-05,13125.14404296875,0.269088014960289,1858.1280926755067
245,0.20353077165782452,3.928571428571429e-05,12232.1533203125,0.24535555392503738,1662.8928649589682
246,0.05198650248348713,3.857142857142858e-05,12221.8515625,0.2495031524449587,1579.138364141182
247,0.24831999093294144,3.785714285714286e-05,11604.509765625,0.21810370311141014,1673.5158311986722
248,0.23985932767391205,3.7142857142857143e-05,14175.0478515625,0.30208462476730347,1608.8207083507377
249,0.2579850945621729,3.642857142857143e-05,10802.4228515625,0.22531599178910255,1566.6886189348274
250,0.2545960023999214,3.571428571428572e-05,15010.4423828125,0.3332374058663845,2433.7003761371857
251,0.06261452287435532,3.5e-05,9702.373046875,0.2110320571810007,966.6777774195256
252,0.21017779409885406,3.428571428571429e-05,16129.14111328125,0.33479380048811436,2156.5512830505118
253,0.09007095731794834,3.357142857142857e-05,14501.791015625,0.26835949160158634,1535.254063648571
254,0.1162330936640501,3.285714285714286e-05,11603.197265625,0.2506977301090956,2189.888196279611
255,0.06008625775575638,3.2142857142857144e-05,13200.0263671875,0.2622562050819397,1338.3858730447696
256,0.014468819834291935,3.142857142857143e-05,11054.33154296875,0.21415269747376442,658.4087039915701
257,0.06941729784011841,3.071428571428572e-05,8864.7763671875,0.2024343442171812,903.9968030507159
258,0.024157768115401268,3e-05,11154.64453125,0.23562503047287464,1230.769071596513
259,0.18610452860593796,2.9285714285714288e-05,17385.8203125,0.37678437680006027,1751.6649857014306
260,0.016372999642044306,2.857142857142857e-05,9951.40283203125,0.21365249529480934,1198.2073958310539
261,0.08777224645018578,2.785714285714286e-05,12167.984375,0.2400021981447935,1170.8226098432335
262,0.07201619073748589,2.714285714285714e-05,11091.89697265625,0.22543791867792606,1104.516939564795
263,0.059339966624975204,2.642857142857143e-05,11949.95068359375,0.2728099562227726,1675.1588040533995
264,0.023505698423832655,2.5714285714285714e-05,11482.5390625,0.22671529278159142,1415.8727276912844
265,0.0819669384509325,2.5e-05,9427.654296875,0.19577866420149803,1363.7849716105939
266,0.10991757735610008,2.4285714285714288e-05,11604.509765625,0.22889107279479504,1092.222588445507
267,0.10049466416239738,2.357142857142857e-05,11151.90087890625,0.24435277096927166,1321.8593704452753
268,0.18553219363093376,2.2857142857142858e-05,15820.44482421875,0.33181241154670715,1754.0031046068193
269,0.11240625940263271,2.214285714285714e-05,13006.8076171875,0.27015134133398533,1447.3368818724862
270,0.05503012705594301,2.1428571428571428e-05,13489.8125,0.2936838399618864,1971.5078639503668
271,0.0187183131929487,2.0714285714285718e-05,13275.97265625,0.283393831923604,1273.845649884563
272,0.11657888721674681,2e-05,9951.40283203125,0.20899873413145542,1148.3323140562445
273,0.1321631483733654,1.928571428571429e-05,11846.44921875,0.2473275028169155,1495.9921391107603
274,0.029134702403098345,1.8571428571428572e-05,14501.791015625,0.26277664117515087,1054.1271810205105
275,0.0946976225823164,1.785714285714286e-05,14086.21630859375,0.30195144563913345,1708.884019110407
276,0.11766461282968521,1.7142857142857145e-05,16169.2724609375,0.30811422131955624,1944.0842341994846
277,0.1523888921365142,1.642857142857143e-05,19284.99609375,0.3663187902420759,1599.699539334991
278,0.10919826477766037,1.5714285714285715e-05,10810.681640625,0.23600775189697742,1478.7649862973408
279,0.07894738391041756,1.5e-05,12171.41064453125,0.27410521171987057,1437.4042635959042
280,0.043303657323122025,1.4285714285714285e-05,10465.66064453125,0.2190706878900528,1803.0709804419048
281,0.02934109652414918,1.357142857142857e-05,12273.1533203125,0.23338544741272926,1443.963210799661
282,0.07086895313113928,1.2857142857142857e-05,10955.28857421875,0.24744660779833794,1846.8630629701022
283,0.1348598301410675,1.2142857142857144e-05,13045.92529296875,0.27945149689912796,1424.2185295706747
284,0.012073749210685492,1.1428571428571429e-05,10551.75439453125,0.22537880763411522,1499.6973475372913
285,0.0526290072593838,1.0714285714285714e-05,13020.32177734375,0.2566746901720762,1414.241504515473
286,0.08633237145841122,1e-05,21896.2275390625,0.3928525745868683,2285.844762362459
287,0.08270374312996864,9.285714285714286e-06,12811.486328125,0.27411271445453167,1714.6231284282912
288,0.13106972724199295,8.571428571428573e-06,16022.10595703125,0.3322247825562954,1830.0862305387304
289,0.08876407705247402,7.857142857142858e-06,10810.681640625,0.22477231360971928,1223.460290031507
290,0.13740690052509308,7.142857142857143e-06,12781.60791015625,0.27532416582107544,1601.748247142941
291,0.05749520426616073,6.428571428571429e-06,10750.2607421875,0.21279888041317463,1362.789124815554
292,0.029833943233825266,5.7142857142857145e-06,9885.56103515625,0.20870674028992653,1049.3192490849817
293,0.12983251735568047,5e-06,13511.56005859375,0.28272274509072304,1909.9984326578292
294,0.16803975403308868,4.285714285714286e-06,12988.70654296875,0.28491707146167755,1410.9368664280637
295,0.056565992534160614,3.5714285714285714e-06,11561.7578125,0.2430700697004795,1464.5982553042306
296,0.06722366251051426,2.8571428571428573e-06,14175.0478515625,0.2899029813706875,1407.3673822564333
297,0.15763910487294197,2.142857142857143e-06,12781.60791015625,0.27689402736723423,1744.3496509927068
298,0.1428946889936924,1.4285714285714286e-06,13279.2451171875,0.2676016315817833,1677.8671988880549
299,0.24174228683114052,7.142857142857143e-07,21763.5693359375,0.37507870607078075,1588.999829511861
300,0.1077577956020832,0.0,15775.93994140625,0.3300522267818451,1530.060878316056
